{
  "config": {
    "run_name": "bpr_combined",
    "model": "bpr",
    "subsample": "ur0.01_ir0.01",
    "target": "combined",
    "seed": 42,
    "ks": [
      10,
      50
    ],
    "params": {
      "factors": 128,
      "learning_rate": 0.05,
      "regularization": 0.01,
      "iterations": 100,
      "seed": 42
    }
  },
  "eval_split": "test",
  "seed": 42,
  "overall": {
    "recall@10": 0.015938467701851092,
    "ndcg@10": 0.009026051176434605,
    "recall@50": 0.0534870693298118,
    "ndcg@50": 0.018651511254766873,
    "map@10": 0.005313384508219118
  },
  "item_slices": {
    "cold_items": {
      "recall@10": 0.0,
      "ndcg@10": 0.0,
      "recall@50": 0.00047080979284369113,
      "ndcg@50": 9.774406128998515e-05,
      "map@10": 0.0
    },
    "warm_items": {
      "recall@10": 0.026495818198404405,
      "ndcg@10": 0.013853496094140058,
      "recall@50": 0.09385770268440147,
      "ndcg@50": 0.030021749720600486,
      "map@10": 0.008309813003000264
    },
    "popular_items": {
      "recall@10": 0.018597224223214713,
      "ndcg@10": 0.009904557909355084,
      "recall@50": 0.056788166930797676,
      "ndcg@50": 0.018407459794867877,
      "map@10": 0.006917821715761494
    }
  },
  "user_slices": {
    "cold_users": {
      "recall@10": 0.0,
      "ndcg@10": 0.0,
      "recall@50": 0.014906303236797274,
      "ndcg@50": 0.0033149134352027762,
      "map@10": 0.0
    },
    "active_users": {
      "recall@10": 0.016286541683062695,
      "ndcg@10": 0.009223167588524605,
      "recall@50": 0.05432961963661635,
      "ndcg@50": 0.018986441234307937,
      "map@10": 0.005429421440631953
    }
  },
  "beyond_accuracy": {
    "coverage@50": 0.4851939513477975,
    "novelty@10": 14.663762311701435
  },
  "runtime_sec": 71.7
}