{
  "config": {
    "run_name": "bpr_combined",
    "model": "bpr",
    "subsample": "ur0.01_ir0.01",
    "target": "combined",
    "seed": 44,
    "ks": [
      10,
      50
    ],
    "params": {
      "factors": 128,
      "learning_rate": 0.05,
      "regularization": 0.01,
      "iterations": 100,
      "seed": 44
    }
  },
  "eval_split": "test",
  "seed": 44,
  "overall": {
    "recall@10": 0.016875295645705904,
    "ndcg@10": 0.009484701772915346,
    "recall@50": 0.05441230020447749,
    "ndcg@50": 0.019045950442316238,
    "map@10": 0.00549041735252804
  },
  "item_slices": {
    "cold_items": {
      "recall@10": 3.2100667693888034e-05,
      "ndcg@10": 1.1378998894712874e-05,
      "recall@50": 0.0004868601266906351,
      "ndcg@50": 0.00011579672319382546,
      "map@10": 3.2100667693888034e-06
    },
    "warm_items": {
      "recall@10": 0.027383118524461916,
      "ndcg@10": 0.014253724458793122,
      "recall@50": 0.09274343978430352,
      "ndcg@50": 0.029848551851309853,
      "map@10": 0.008425266688332421
    },
    "popular_items": {
      "recall@10": 0.02229986073092254,
      "ndcg@10": 0.011655255268494747,
      "recall@50": 0.06314892186524515,
      "ndcg@50": 0.020815367192195434,
      "map@10": 0.008175359740335968
    }
  },
  "user_slices": {
    "cold_users": {
      "recall@10": 0.0,
      "ndcg@10": 0.0,
      "recall@50": 0.014906303236797274,
      "ndcg@50": 0.0033149134352027762,
      "map@10": 0.0
    },
    "active_users": {
      "recall@10": 0.01724382864708354,
      "ndcg@10": 0.009691834476539042,
      "recall@50": 0.05527505626757612,
      "ndcg@50": 0.01938949442546947,
      "map@10": 0.005610320436196851
    }
  },
  "beyond_accuracy": {
    "coverage@50": 0.4866403681788297,
    "novelty@10": 14.667624735311197
  },
  "runtime_sec": 70.9
}