{
  "config": {
    "run_name": "bpr_combined",
    "model": "bpr",
    "subsample": "ur0.01_ir0.01",
    "target": "combined",
    "seed": 43,
    "ks": [
      10,
      50
    ],
    "params": {
      "factors": 128,
      "learning_rate": 0.05,
      "regularization": 0.01,
      "iterations": 100,
      "seed": 43
    }
  },
  "eval_split": "test",
  "seed": 43,
  "overall": {
    "recall@10": 0.016281600825646725,
    "ndcg@10": 0.009198944382272086,
    "recall@50": 0.05388226465721744,
    "ndcg@50": 0.01870124012373275,
    "map@10": 0.005306446626092257
  },
  "item_slices": {
    "cold_items": {
      "recall@10": 0.0,
      "ndcg@10": 0.0,
      "recall@50": 0.0003852080123266564,
      "ndcg@50": 8.162502139265289e-05,
      "map@10": 0.0
    },
    "warm_items": {
      "recall@10": 0.026119876757448597,
      "ndcg@10": 0.013461072684362831,
      "recall@50": 0.09209954787757568,
      "ndcg@50": 0.029183848641557694,
      "map@10": 0.007858990966056141
    },
    "popular_items": {
      "recall@10": 0.022708063199346876,
      "ndcg@10": 0.012270443082634261,
      "recall@50": 0.06257743840945108,
      "ndcg@50": 0.02102690913658738,
      "map@10": 0.008588440819027189
    }
  },
  "user_slices": {
    "cold_users": {
      "recall@10": 0.0,
      "ndcg@10": 0.0,
      "recall@50": 0.014906303236797274,
      "ndcg@50": 0.0033149134352027762,
      "map@10": 0.0
    },
    "active_users": {
      "recall@10": 0.016637168357350088,
      "ndcg@10": 0.009399836541667664,
      "recall@50": 0.05473344548067763,
      "ndcg@50": 0.019037256112652248,
      "map@10": 0.005422332044802631
    }
  },
  "beyond_accuracy": {
    "coverage@50": 0.48599605522682443,
    "novelty@10": 14.683909728890196
  },
  "runtime_sec": 70.6
}