{
  "config": {
    "run_name": "bpr_combined",
    "model": "bpr",
    "subsample": "ur0.01_ir0.01",
    "target": "combined",
    "seed": 42,
    "ks": [
      10,
      50
    ],
    "params": {
      "factors": 128,
      "learning_rate": 0.05,
      "regularization": 0.01,
      "iterations": 100,
      "seed": 42
    }
  },
  "eval_split": "val",
  "seed": 42,
  "overall": {
    "recall@10": 0.021169299514026976,
    "ndcg@10": 0.01233263522592602,
    "recall@50": 0.06762504207479404,
    "ndcg@50": 0.024215877653455828,
    "map@10": 0.007301489462200888
  },
  "item_slices": {
    "cold_items": {
      "recall@10": 0.0,
      "ndcg@10": 0.0,
      "recall@50": 9.946290033817386e-05,
      "ndcg@50": 2.522037566050438e-05,
      "map@10": 0.0
    },
    "warm_items": {
      "recall@10": 0.03238313317186018,
      "ndcg@10": 0.01792166088141614,
      "recall@50": 0.10483834880784276,
      "ndcg@50": 0.03546632888761851,
      "map@10": 0.011240051750211854
    },
    "popular_items": {
      "recall@10": 0.022367160862736084,
      "ndcg@10": 0.011382995188820317,
      "recall@50": 0.07341301766080527,
      "ndcg@50": 0.02272494783240201,
      "map@10": 0.00757186578931206
    }
  },
  "user_slices": {
    "cold_users": {
      "recall@10": 0.0,
      "ndcg@10": 0.0,
      "recall@50": 0.02812687013764213,
      "ndcg@50": 0.005787804441518076,
      "map@10": 0.0
    },
    "active_users": {
      "recall@10": 0.02158185680136167,
      "ndcg@10": 0.012572979434345625,
      "recall@50": 0.06839480106744629,
      "ndcg@50": 0.02457501263050524,
      "map@10": 0.007443784330485619
    }
  },
  "beyond_accuracy": {
    "coverage@50": 0.4880736357659435,
    "novelty@10": 14.678990229818176
  },
  "runtime_sec": 69.6
}