{
  "config": {
    "run_name": "content_knn_d16",
    "model": "content_knn",
    "subsample": "ur0.01_ir0.01",
    "target": "combined",
    "seed": 42,
    "ks": [
      10,
      50
    ],
    "params": {
      "dim": 16,
      "seed": 42
    }
  },
  "eval_split": "val",
  "seed": 42,
  "overall": {
    "recall@10": 0.0017048881632929956,
    "ndcg@10": 0.0009759873278762006,
    "recall@50": 0.006970213647061749,
    "ndcg@50": 0.0023060997922063533,
    "map@10": 0.0005365650084745424
  },
  "item_slices": {
    "cold_items": {
      "recall@10": 0.001836748226244944,
      "ndcg@10": 0.0009458312243262773,
      "recall@50": 0.0064641412562637945,
      "ndcg@50": 0.0020211888479640732,
      "map@10": 0.0005819171710856612
    },
    "warm_items": {
      "recall@10": 0.0018690748623726619,
      "ndcg@10": 0.0010174595480256382,
      "recall@50": 0.006890872568480886,
      "ndcg@50": 0.0022452855755668976,
      "map@10": 0.0006183473266168923
    },
    "popular_items": {
      "recall@10": 0.0009424204114469601,
      "ndcg@10": 0.0003817543790912642,
      "recall@50": 0.005731142014327855,
      "ndcg@50": 0.0014036287852752418,
      "map@10": 0.0001983807736020125
    }
  },
  "user_slices": {
    "cold_users": {
      "recall@10": 0.0,
      "ndcg@10": 0.0,
      "recall@50": 0.02812687013764213,
      "ndcg@50": 0.005787804441518076,
      "map@10": 0.0
    },
    "active_users": {
      "recall@10": 0.0017381138274389033,
      "ndcg@10": 0.0009950078289652823,
      "recall@50": 0.00655790275292742,
      "ndcg@50": 0.002238246690856973,
      "map@10": 0.0005470218402761002
    }
  },
  "beyond_accuracy": {
    "coverage@50": 0.6520898427495774,
    "novelty@10": 17.982192696483253
  },
  "runtime_sec": 32.3
}