{
  "config": {
    "run_name": "content_knn_d4",
    "model": "content_knn",
    "subsample": "ur0.01_ir0.01",
    "target": "combined",
    "seed": 42,
    "ks": [
      10,
      50
    ],
    "params": {
      "dim": 4,
      "seed": 42
    }
  },
  "eval_split": "val",
  "seed": 42,
  "overall": {
    "recall@10": 0.00024583136069854445,
    "ndcg@10": 0.00012646771642949164,
    "recall@50": 0.0020616444933487968,
    "ndcg@50": 0.0005821996497220107,
    "map@10": 5.8553014100752446e-05
  },
  "item_slices": {
    "cold_items": {
      "recall@10": 0.00022102866741816412,
      "ndcg@10": 0.00011131828304677891,
      "recall@50": 0.0018926369035778224,
      "ndcg@50": 0.0005214305059193453,
      "map@10": 4.944858610066487e-05
    },
    "warm_items": {
      "recall@10": 0.00019789962531004276,
      "ndcg@10": 8.489661573085764e-05,
      "recall@50": 0.0012288433972955585,
      "ndcg@50": 0.00033647427620628074,
      "map@10": 4.031288663723093e-05
    },
    "popular_items": {
      "recall@10": 0.00040225261464199515,
      "ndcg@10": 0.00016040213974758194,
      "recall@50": 0.0038118223958931922,
      "ndcg@50": 0.000868621557264147,
      "map@10": 8.045052292839903e-05
    }
  },
  "user_slices": {
    "cold_users": {
      "recall@10": 0.0,
      "ndcg@10": 0.0,
      "recall@50": 0.02812687013764213,
      "ndcg@50": 0.005787804441518076,
      "map@10": 0.0
    },
    "active_users": {
      "recall@10": 0.00025062223813142255,
      "ndcg@10": 0.00012893237889935718,
      "recall@50": 0.0015536730898334762,
      "ndcg@50": 0.0004807503698147153,
      "map@10": 5.969412283921923e-05
    }
  },
  "beyond_accuracy": {
    "coverage@50": 0.7755083747374891,
    "novelty@10": 18.262938006755572
  },
  "runtime_sec": 36.6
}