{
  "config": {
    "run_name": "content_knn_d8",
    "model": "content_knn",
    "subsample": "ur0.01_ir0.01",
    "target": "combined",
    "seed": 42,
    "ks": [
      10,
      50
    ],
    "params": {
      "dim": 8,
      "seed": 42
    }
  },
  "eval_split": "val",
  "seed": 42,
  "overall": {
    "recall@10": 0.0010689350733481503,
    "ndcg@10": 0.0006476457115116322,
    "recall@50": 0.004949014323648418,
    "ndcg@50": 0.0016056899813494635,
    "map@10": 0.00036988871783641495
  },
  "item_slices": {
    "cold_items": {
      "recall@10": 0.0018842693897398492,
      "ndcg@10": 0.0009990805352074487,
      "recall@50": 0.005856786053722597,
      "ndcg@50": 0.001955612029658825,
      "map@10": 0.0006030596156416725
    },
    "warm_items": {
      "recall@10": 0.0008892289830597919,
      "ndcg@10": 0.00048823245146361927,
      "recall@50": 0.004084903375103385,
      "ndcg@50": 0.0012222665005682527,
      "map@10": 0.0003141071927683358
    },
    "popular_items": {
      "recall@10": 6.704210244033252e-05,
      "ndcg@10": 3.501815732763104e-05,
      "recall@50": 0.004214075010535188,
      "ndcg@50": 0.0009083564554462995,
      "map@10": 1.1253495766770104e-05
    }
  },
  "user_slices": {
    "cold_users": {
      "recall@10": 0.0,
      "ndcg@10": 0.0,
      "recall@50": 0.02812687013764213,
      "ndcg@50": 0.005787804441518076,
      "map@10": 0.0
    },
    "active_users": {
      "recall@10": 0.0010897669839130331,
      "ndcg@10": 0.0006602673364132097,
      "recall@50": 0.004497313344382665,
      "ndcg@50": 0.0015241869634594698,
      "map@10": 0.00037709728352113155
    }
  },
  "beyond_accuracy": {
    "coverage@50": 0.678545817753419,
    "novelty@10": 18.059361125700157
  },
  "runtime_sec": 34.4
}