{
  "config": {
    "run_name": "content_knn_d64",
    "model": "content_knn",
    "subsample": "ur0.01_ir0.01",
    "target": "combined",
    "seed": 42,
    "ks": [
      10,
      50
    ],
    "params": {
      "dim": 64,
      "seed": 42
    }
  },
  "eval_split": "val",
  "seed": 42,
  "overall": {
    "recall@10": 0.0027912347984075624,
    "ndcg@10": 0.0016736047201037977,
    "recall@50": 0.011141851580731678,
    "ndcg@50": 0.003788801601876242,
    "map@10": 0.0009312133060147436
  },
  "item_slices": {
    "cold_items": {
      "recall@10": 0.0030469591191691846,
      "ndcg@10": 0.0016418727944854145,
      "recall@50": 0.00886961324598086,
      "ndcg@50": 0.0030304647473451277,
      "map@10": 0.0010552934787070455
    },
    "warm_items": {
      "recall@10": 0.0031438606719624185,
      "ndcg@10": 0.0017290095870438518,
      "recall@50": 0.012679305414837012,
      "ndcg@50": 0.00403691338457268,
      "map@10": 0.001022119803058111
    },
    "popular_items": {
      "recall@10": 0.0017047848906255984,
      "ndcg@10": 0.0007927102002966026,
      "recall@50": 0.008581389112362562,
      "ndcg@50": 0.0022321009213476664,
      "map@10": 0.0004714610435217262
    }
  },
  "user_slices": {
    "cold_users": {
      "recall@10": 0.0,
      "ndcg@10": 0.0,
      "recall@50": 0.02812687013764213,
      "ndcg@50": 0.005787804441518076,
      "map@10": 0.0
    },
    "active_users": {
      "recall@10": 0.0028456316978412075,
      "ndcg@10": 0.0017062207177630053,
      "recall@50": 0.010810839533000695,
      "ndcg@50": 0.003749844092283138,
      "map@10": 0.0009493612298610124
    }
  },
  "beyond_accuracy": {
    "coverage@50": 0.6140961942324438,
    "novelty@10": 18.013227853795094
  },
  "runtime_sec": 35.3
}