{
  "config": {
    "run_name": "content_knn_d64",
    "model": "content_knn",
    "subsample": "ur0.01_ir0.01",
    "target": "combined",
    "seed": 42,
    "ks": [
      10,
      50
    ],
    "params": {
      "dim": 64,
      "seed": 42
    }
  },
  "eval_split": "test",
  "seed": 42,
  "overall": {
    "recall@10": 0.002217155887147877,
    "ndcg@10": 0.0013330002693454695,
    "recall@50": 0.008691664765216664,
    "ndcg@50": 0.002948996682080664,
    "map@10": 0.0007832213927856418
  },
  "item_slices": {
    "cold_items": {
      "recall@10": 0.0016842150316726588,
      "ndcg@10": 0.0009531425640222633,
      "recall@50": 0.006572764570645926,
      "ndcg@50": 0.0020714141867162333,
      "map@10": 0.0005994629847030976
    },
    "warm_items": {
      "recall@10": 0.0026413416364924986,
      "ndcg@10": 0.0014882291345200004,
      "recall@50": 0.009786578729646259,
      "ndcg@50": 0.0032255783472634938,
      "map@10": 0.000900507664419003
    },
    "popular_items": {
      "recall@10": 0.0012966431349949576,
      "ndcg@10": 0.0006759692619107158,
      "recall@50": 0.006843394323584498,
      "ndcg@50": 0.0018793558136227678,
      "map@10": 0.00048149596485571125
    }
  },
  "user_slices": {
    "cold_users": {
      "recall@10": 0.0,
      "ndcg@10": 0.0,
      "recall@50": 0.014906303236797274,
      "ndcg@50": 0.0033149134352027762,
      "map@10": 0.0
    },
    "active_users": {
      "recall@10": 0.002265575490025804,
      "ndcg@10": 0.0013621111424473626,
      "recall@50": 0.008555945698926334,
      "ndcg@50": 0.002941005568792124,
      "map@10": 0.0008003258593790854
    }
  },
  "beyond_accuracy": {
    "coverage@50": 0.6032976941903904,
    "novelty@10": 17.998538046709896
  },
  "runtime_sec": 32.3
}