{
  "config": {
    "run_name": "content_knn_d32",
    "model": "content_knn",
    "subsample": "ur0.01_ir0.01",
    "target": "combined",
    "seed": 42,
    "ks": [
      10,
      50
    ],
    "params": {
      "dim": 32,
      "seed": 42
    }
  },
  "eval_split": "val",
  "seed": 42,
  "overall": {
    "recall@10": 0.00281870149740285,
    "ndcg@10": 0.0016467708190046383,
    "recall@50": 0.01028364121131601,
    "ndcg@50": 0.0035272985786683328,
    "map@10": 0.0009251888068853888
  },
  "item_slices": {
    "cold_items": {
      "recall@10": 0.003117609353933205,
      "ndcg@10": 0.0016924810410867664,
      "recall@50": 0.009599086787270594,
      "ndcg@50": 0.0032141502609079296,
      "map@10": 0.0011344923480226179
    },
    "warm_items": {
      "recall@10": 0.0029207681102240176,
      "ndcg@10": 0.0016248869679821511,
      "recall@50": 0.010756939486454934,
      "ndcg@50": 0.00349411131455731,
      "map@10": 0.0009654234800680525
    },
    "popular_items": {
      "recall@10": 0.0018005593226832165,
      "ndcg@10": 0.0007174299868384103,
      "recall@50": 0.007393786154848102,
      "ndcg@50": 0.0019258736426266965,
      "map@10": 0.00035899449616263773
    }
  },
  "user_slices": {
    "cold_users": {
      "recall@10": 0.0,
      "ndcg@10": 0.0,
      "recall@50": 0.02812687013764213,
      "ndcg@50": 0.005787804441518076,
      "map@10": 0.0
    },
    "active_users": {
      "recall@10": 0.0028736336808132756,
      "ndcg@10": 0.0016788638649507417,
      "recall@50": 0.009935903955378021,
      "ndcg@50": 0.00348324477489634,
      "map@10": 0.0009432193224529042
    }
  },
  "beyond_accuracy": {
    "coverage@50": 0.6329073400604416,
    "novelty@10": 18.021561598618586
  },
  "runtime_sec": 31.5
}