{
  "config": {
    "run_name": "ease_small",
    "model": "ease",
    "subsample": "up0.001_ip0.001",
    "target": "combined",
    "seed": 42,
    "ks": [
      10,
      50
    ],
    "params": {
      "l2": 200.0,
      "seed": 42
    }
  },
  "eval_split": "test",
  "seed": 42,
  "overall": {
    "recall@10": 0.0010839405542074488,
    "ndcg@10": 0.0008653795579821534,
    "recall@50": 0.006743910335763168,
    "ndcg@50": 0.002781817372286946,
    "map@10": 0.00031750148128323975
  },
  "item_slices": {
    "cold_items": {
      "recall@10": 0.0,
      "ndcg@10": 0.0,
      "recall@50": 0.0,
      "ndcg@50": 0.0,
      "map@10": 0.0
    },
    "warm_items": {
      "recall@10": 0.0010707414889063456,
      "ndcg@10": 0.0008382387769659229,
      "recall@50": 0.006647276732600462,
      "ndcg@50": 0.002719703516979869,
      "map@10": 0.0003040531404814021
    },
    "popular_items": {
      "recall@10": 0.029411764705882353,
      "ndcg@10": 0.029411764705882353,
      "recall@50": 0.20588235294117646,
      "ndcg@50": 0.06893528394331634,
      "map@10": 0.029411764705882353
    }
  },
  "user_slices": {
    "cold_users": {
      "recall@10": 0.0,
      "ndcg@10": 0.0,
      "recall@50": 0.0,
      "ndcg@50": 0.0,
      "map@10": 0.0
    },
    "active_users": {
      "recall@10": 0.0010839405542074488,
      "ndcg@10": 0.0008653795579821534,
      "recall@50": 0.006743910335763168,
      "ndcg@50": 0.002781817372286946,
      "map@10": 0.00031750148128323975
    }
  },
  "beyond_accuracy": {
    "coverage@50": 0.45870484536607736,
    "novelty@10": 12.273750616034958
  },
  "runtime_sec": 397.3
}