{
  "config": {
    "run_name": "ease_small",
    "model": "ease",
    "subsample": "up0.001_ip0.001",
    "target": "combined",
    "seed": 42,
    "ks": [
      10,
      50
    ],
    "params": {
      "l2": 200.0,
      "seed": 42
    }
  },
  "eval_split": "val",
  "seed": 42,
  "overall": {
    "recall@10": 0.0013130077349699032,
    "ndcg@10": 0.0012925773306813998,
    "recall@50": 0.007283192625452412,
    "ndcg@50": 0.0034537716563811357,
    "map@10": 0.0004259897809840464
  },
  "item_slices": {
    "cold_items": {
      "recall@10": 0.0,
      "ndcg@10": 0.0,
      "recall@50": 0.0,
      "ndcg@50": 0.0,
      "map@10": 0.0
    },
    "warm_items": {
      "recall@10": 0.0012846246443409572,
      "ndcg@10": 0.0012524355278610486,
      "recall@50": 0.007256257651692289,
      "ndcg@50": 0.003422123446983189,
      "map@10": 0.00041202579689181713
    },
    "popular_items": {
      "recall@10": 0.1111111111111111,
      "ndcg@10": 0.06371059779881018,
      "recall@50": 0.1111111111111111,
      "ndcg@50": 0.06371059779881018,
      "map@10": 0.04973544973544973
    }
  },
  "user_slices": {
    "cold_users": {
      "recall@10": 0.0,
      "ndcg@10": 0.0,
      "recall@50": 0.0,
      "ndcg@50": 0.0,
      "map@10": 0.0
    },
    "active_users": {
      "recall@10": 0.0013130077349699032,
      "ndcg@10": 0.0012925773306813998,
      "recall@50": 0.007283192625452412,
      "ndcg@50": 0.0034537716563811357,
      "map@10": 0.0004259897809840464
    }
  },
  "beyond_accuracy": {
    "coverage@50": 0.4623732613236868,
    "novelty@10": 12.270638499850744
  },
  "runtime_sec": 887.9
}