{
  "config": {
    "run_name": "ials_fallback_d64",
    "model": "ials_content_fallback",
    "subsample": "ur0.01_ir0.01",
    "target": "combined",
    "seed": 42,
    "ks": [
      10,
      50
    ],
    "confidence_weighting": true,
    "alpha": 20.0,
    "params": {
      "factors": 128,
      "regularization": 0.01,
      "iterations": 20,
      "dim": 64,
      "cold_share": 0.1,
      "seed": 42
    }
  },
  "eval_split": "val",
  "seed": 42,
  "overall": {
    "recall@10": 0.029858905470947085,
    "ndcg@10": 0.01639245837886446,
    "recall@50": 0.10972030658356371,
    "ndcg@50": 0.03689793397755528,
    "map@10": 0.009430358815378867
  },
  "item_slices": {
    "cold_items": {
      "recall@10": 0.006658093911923234,
      "ndcg@10": 0.0036418630405956887,
      "recall@50": 0.02295437968304489,
      "ndcg@50": 0.007446698876894976,
      "map@10": 0.0022193646373077445
    },
    "warm_items": {
      "recall@10": 0.016142355842107187,
      "ndcg@10": 0.007352993161557712,
      "recall@50": 0.09495116213234195,
      "ndcg@50": 0.026080405017823605,
      "map@10": 0.0037795270662000654
    },
    "popular_items": {
      "recall@10": 0.09995690150557407,
      "ndcg@10": 0.05015816064805745,
      "recall@50": 0.2944642378270697,
      "ndcg@50": 0.09429973834348704,
      "map@10": 0.03303980750251294
    }
  },
  "user_slices": {
    "cold_users": {
      "recall@10": 0.0,
      "ndcg@10": 0.0,
      "recall@50": 0.02812687013764213,
      "ndcg@50": 0.005787804441518076,
      "map@10": 0.0
    },
    "active_users": {
      "recall@10": 0.030440809895121105,
      "ndcg@10": 0.01671192233453527,
      "recall@50": 0.11131043793307488,
      "ndcg@50": 0.03750422284608936,
      "map@10": 0.009614142093086645
    }
  },
  "beyond_accuracy": {
    "coverage@50": 0.11395533473339138,
    "novelty@10": 12.065644144040853
  },
  "runtime_sec": 92.8
}