{
  "config": {
    "run_name": "ials_explicit",
    "model": "ials",
    "subsample": "ur0.01_ir0.01",
    "target": "explicit",
    "seed": 42,
    "ks": [
      10,
      50
    ],
    "confidence_weighting": true,
    "alpha": 20.0,
    "params": {
      "factors": 128,
      "regularization": 0.01,
      "iterations": 20,
      "seed": 42
    }
  },
  "eval_split": "val",
  "seed": 42,
  "overall": {
    "recall@10": 0.02892836054318662,
    "ndcg@10": 0.014717858297128787,
    "recall@50": 0.07953486571907624,
    "ndcg@50": 0.026804755539616785,
    "map@10": 0.008907689850798331
  },
  "item_slices": {
    "cold_items": {
      "recall@10": 0.0,
      "ndcg@10": 0.0,
      "recall@50": 0.0033181026979982593,
      "ndcg@50": 0.0006715850232037379,
      "map@10": 0.0
    },
    "warm_items": {
      "recall@10": 0.041926044160681034,
      "ndcg@10": 0.019693603500357527,
      "recall@50": 0.14176100814834522,
      "ndcg@50": 0.042628510977053086,
      "map@10": 0.011675780595706108
    },
    "popular_items": {
      "recall@10": 0.13188976377952755,
      "ndcg@10": 0.06495977344556297,
      "recall@50": 0.27204724409448816,
      "ndcg@50": 0.09607352703992053,
      "map@10": 0.04398382493854935
    }
  },
  "user_slices": {
    "cold_users": {
      "recall@10": 0.03198653198653199,
      "ndcg@10": 0.012428238504535059,
      "recall@50": 0.056228956228956226,
      "ndcg@50": 0.017721910497708344,
      "map@10": 0.005858585858585858
    },
    "active_users": {
      "recall@10": 0.028456626400320945,
      "ndcg@10": 0.015071040533755117,
      "recall@50": 0.0831298875943051,
      "ndcg@50": 0.028205817644865988,
      "map@10": 0.00937802530612559
    }
  },
  "beyond_accuracy": {
    "coverage@50": 0.32747498139111736,
    "novelty@10": 11.177342523425667
  },
  "runtime_sec": 20.1
}