{
  "config": {
    "run_name": "ials_combined",
    "model": "ials",
    "subsample": "ur0.01_ir0.01",
    "target": "combined",
    "seed": 43,
    "ks": [
      10,
      50
    ],
    "confidence_weighting": true,
    "alpha": 20.0,
    "params": {
      "factors": 128,
      "regularization": 0.01,
      "iterations": 20,
      "seed": 43
    }
  },
  "eval_split": "test",
  "seed": 43,
  "overall": {
    "recall@10": 0.02192420295770534,
    "ndcg@10": 0.011844815586828428,
    "recall@50": 0.08395922524489502,
    "ndcg@50": 0.027545403076837855,
    "map@10": 0.006992126825365453
  },
  "item_slices": {
    "cold_items": {
      "recall@10": 0.0,
      "ndcg@10": 0.0,
      "recall@50": 0.0,
      "ndcg@50": 0.0,
      "map@10": 0.0
    },
    "warm_items": {
      "recall@10": 0.014588633150055564,
      "ndcg@10": 0.006570741317525905,
      "recall@50": 0.08785329906864726,
      "ndcg@50": 0.023838737020949265,
      "map@10": 0.0034985263961108074
    },
    "popular_items": {
      "recall@10": 0.08877203092733996,
      "ndcg@10": 0.04512232350298617,
      "recall@50": 0.26915910291504586,
      "ndcg@50": 0.0855012426054272,
      "map@10": 0.030471370942844793
    }
  },
  "user_slices": {
    "cold_users": {
      "recall@10": 0.0,
      "ndcg@10": 0.0,
      "recall@50": 0.014906303236797274,
      "ndcg@50": 0.0033149134352027762,
      "map@10": 0.0
    },
    "active_users": {
      "recall@10": 0.022402997077135865,
      "ndcg@10": 0.012103489895748708,
      "recall@50": 0.08546724508264023,
      "ndcg@50": 0.02807456329186222,
      "map@10": 0.007144825156645988
    }
  },
  "beyond_accuracy": {
    "coverage@50": 0.0967258382642998,
    "novelty@10": 11.162805918480327
  },
  "runtime_sec": 80.8
}