{
  "config": {
    "run_name": "ials_combined",
    "model": "ials",
    "subsample": "ur0.01_ir0.01",
    "target": "combined",
    "seed": 44,
    "ks": [
      10,
      50
    ],
    "confidence_weighting": true,
    "alpha": 20.0,
    "params": {
      "factors": 128,
      "regularization": 0.01,
      "iterations": 20,
      "seed": 44
    }
  },
  "eval_split": "test",
  "seed": 44,
  "overall": {
    "recall@10": 0.021571240912105123,
    "ndcg@10": 0.011799518157963923,
    "recall@50": 0.08384891538030043,
    "ndcg@50": 0.0274926382139083,
    "map@10": 0.007047779830706472
  },
  "item_slices": {
    "cold_items": {
      "recall@10": 0.0,
      "ndcg@10": 0.0,
      "recall@50": 0.0,
      "ndcg@50": 0.0,
      "map@10": 0.0
    },
    "warm_items": {
      "recall@10": 0.014239678876891522,
      "ndcg@10": 0.006530254145404222,
      "recall@50": 0.08720745876340873,
      "ndcg@50": 0.023701175833407504,
      "map@10": 0.0035668035384563215
    },
    "popular_items": {
      "recall@10": 0.0888512702300341,
      "ndcg@10": 0.04503045086613326,
      "recall@50": 0.2665418047351486,
      "ndcg@50": 0.08496512496700004,
      "map@10": 0.030242203942679378
    }
  },
  "user_slices": {
    "cold_users": {
      "recall@10": 0.0,
      "ndcg@10": 0.0,
      "recall@50": 0.014906303236797274,
      "ndcg@50": 0.0033149134352027762,
      "map@10": 0.0
    },
    "active_users": {
      "recall@10": 0.022042326831053213,
      "ndcg@10": 0.012057203233998184,
      "recall@50": 0.08535452620392618,
      "ndcg@50": 0.028020646117665884,
      "map@10": 0.007201693546269725
    }
  },
  "beyond_accuracy": {
    "coverage@50": 0.0970414201183432,
    "novelty@10": 11.163641408458092
  },
  "runtime_sec": 81.5
}