{
  "config": {
    "run_name": "ials_combined",
    "model": "ials",
    "subsample": "ur0.01_ir0.01",
    "target": "combined",
    "seed": 42,
    "ks": [
      10,
      50
    ],
    "confidence_weighting": true,
    "alpha": 20.0,
    "params": {
      "factors": 128,
      "regularization": 0.01,
      "iterations": 20,
      "seed": 42
    }
  },
  "eval_split": "val",
  "seed": 42,
  "overall": {
    "recall@10": 0.03115011846208801,
    "ndcg@10": 0.01697240710809931,
    "recall@50": 0.11071980794142572,
    "ndcg@50": 0.03732824584042209,
    "map@10": 0.009782576510011066
  },
  "item_slices": {
    "cold_items": {
      "recall@10": 0.0,
      "ndcg@10": 0.0,
      "recall@50": 0.0,
      "ndcg@50": 0.0,
      "map@10": 0.0
    },
    "warm_items": {
      "recall@10": 0.017972240523562496,
      "ndcg@10": 0.008403737579059255,
      "recall@50": 0.1047943551808803,
      "ndcg@50": 0.029100114084786043,
      "map@10": 0.00444017017320138
    },
    "popular_items": {
      "recall@10": 0.11212408535417384,
      "ndcg@10": 0.05635691518225899,
      "recall@50": 0.3134764203348274,
      "ndcg@50": 0.10186585639744589,
      "map@10": 0.03703491175678281
    }
  },
  "user_slices": {
    "cold_users": {
      "recall@10": 0.0,
      "ndcg@10": 0.0,
      "recall@50": 0.02812687013764213,
      "ndcg@50": 0.005787804441518076,
      "map@10": 0.0
    },
    "active_users": {
      "recall@10": 0.031757186653662235,
      "ndcg@10": 0.017303173377971295,
      "recall@50": 0.11232941804452594,
      "ndcg@50": 0.03794292082937243,
      "map@10": 0.009973223972173907
    }
  },
  "beyond_accuracy": {
    "coverage@50": 0.09804076265614727,
    "novelty@10": 11.178476855708626
  },
  "runtime_sec": 82.7
}