{
  "config": {
    "run_name": "ials_fallback_d8",
    "model": "ials_content_fallback",
    "subsample": "ur0.01_ir0.01",
    "target": "combined",
    "seed": 42,
    "ks": [
      10,
      50
    ],
    "confidence_weighting": true,
    "alpha": 20.0,
    "params": {
      "factors": 128,
      "regularization": 0.01,
      "iterations": 20,
      "dim": 8,
      "cold_share": 0.1,
      "seed": 42
    }
  },
  "eval_split": "val",
  "seed": 42,
  "overall": {
    "recall@10": 0.02875408142014185,
    "ndcg@10": 0.015710334973283474,
    "recall@50": 0.10600346074303062,
    "ndcg@50": 0.035561795398697575,
    "map@10": 0.009059245829798274
  },
  "item_slices": {
    "cold_items": {
      "recall@10": 0.003188970037985355,
      "ndcg@10": 0.0017846248608572501,
      "recall@50": 0.012966879542371884,
      "ndcg@50": 0.004066607305393914,
      "map@10": 0.0010629900126617848
    },
    "warm_items": {
      "recall@10": 0.016142355842107187,
      "ndcg@10": 0.007352993161557712,
      "recall@50": 0.09495116213234195,
      "ndcg@50": 0.026080405017823605,
      "map@10": 0.0037795270662000654
    },
    "popular_items": {
      "recall@10": 0.09995690150557407,
      "ndcg@10": 0.05015816064805745,
      "recall@50": 0.2944642378270697,
      "ndcg@50": 0.09429973834348704,
      "map@10": 0.03303980750251294
    }
  },
  "user_slices": {
    "cold_users": {
      "recall@10": 0.0,
      "ndcg@10": 0.0,
      "recall@50": 0.02812687013764213,
      "ndcg@50": 0.005787804441518076,
      "map@10": 0.0
    },
    "active_users": {
      "recall@10": 0.02931445451244159,
      "ndcg@10": 0.016016505386499208,
      "recall@50": 0.10752115644882121,
      "ndcg@50": 0.03614204496880181,
      "map@10": 0.009235796682714464
    }
  },
  "beyond_accuracy": {
    "coverage@50": 0.11404497259642472,
    "novelty@10": 12.065644144040853
  },
  "runtime_sec": 90.0
}