{
  "config": {
    "run_name": "ials_fallback_d64",
    "model": "ials_content_fallback",
    "subsample": "ur0.01_ir0.01",
    "target": "combined",
    "seed": 42,
    "ks": [
      10,
      50
    ],
    "confidence_weighting": true,
    "alpha": 20.0,
    "params": {
      "factors": 128,
      "regularization": 0.01,
      "iterations": 20,
      "dim": 64,
      "cold_share": 0.1,
      "seed": 42
    }
  },
  "eval_split": "test",
  "seed": 42,
  "overall": {
    "recall@10": 0.020938510979513547,
    "ndcg@10": 0.011543747914027501,
    "recall@50": 0.08442447841531092,
    "ndcg@50": 0.027575864751196343,
    "map@10": 0.006919574481990396
  },
  "item_slices": {
    "cold_items": {
      "recall@10": 0.004134642429133954,
      "ndcg@10": 0.002287025596583428,
      "recall@50": 0.017849346980702913,
      "ndcg@50": 0.0054180125759897965,
      "map@10": 0.0013782141430446512
    },
    "warm_items": {
      "recall@10": 0.01178118374149265,
      "ndcg@10": 0.005312726049332057,
      "recall@50": 0.07813548777064032,
      "ndcg@50": 0.021022314844289684,
      "map@10": 0.002876930279348861
    },
    "popular_items": {
      "recall@10": 0.07973394803822698,
      "ndcg@10": 0.04123707788044069,
      "recall@50": 0.2516232051097344,
      "ndcg@50": 0.07973346547934584,
      "map@10": 0.028299005830701555
    }
  },
  "user_slices": {
    "cold_users": {
      "recall@10": 0.0,
      "ndcg@10": 0.0,
      "recall@50": 0.014906303236797274,
      "ndcg@50": 0.0033149134352027762,
      "map@10": 0.0
    },
    "active_users": {
      "recall@10": 0.021395778956185833,
      "ndcg@10": 0.011795847323437603,
      "recall@50": 0.08594265873562744,
      "ndcg@50": 0.02810569020684902,
      "map@10": 0.007070688370934492
    }
  },
  "beyond_accuracy": {
    "coverage@50": 0.10955816050495942,
    "novelty@10": 12.04044582456139
  },
  "runtime_sec": 92.2
}