{
  "config": {
    "run_name": "ials_fallback_d4",
    "model": "ials_content_fallback",
    "subsample": "ur0.01_ir0.01",
    "target": "combined",
    "seed": 42,
    "ks": [
      10,
      50
    ],
    "confidence_weighting": true,
    "alpha": 20.0,
    "params": {
      "factors": 128,
      "regularization": 0.01,
      "iterations": 20,
      "dim": 4,
      "cold_share": 0.1,
      "seed": 42
    }
  },
  "eval_split": "val",
  "seed": 42,
  "overall": {
    "recall@10": 0.028214215001526027,
    "ndcg@10": 0.015350404544880946,
    "recall@50": 0.10336368663987534,
    "ndcg@50": 0.03464777060916254,
    "map@10": 0.008873782366570378
  },
  "item_slices": {
    "cold_items": {
      "recall@10": 0.0014594207154382207,
      "ndcg@10": 0.0007810431669253042,
      "recall@50": 0.004962251461157369,
      "ndcg@50": 0.0015667013605677783,
      "map@10": 0.0004864735718127403
    },
    "warm_items": {
      "recall@10": 0.016142355842107187,
      "ndcg@10": 0.007352993161557712,
      "recall@50": 0.09495116213234195,
      "ndcg@50": 0.026080405017823605,
      "map@10": 0.0037795270662000654
    },
    "popular_items": {
      "recall@10": 0.09995690150557407,
      "ndcg@10": 0.05015816064805745,
      "recall@50": 0.2944642378270697,
      "ndcg@50": 0.09429973834348704,
      "map@10": 0.03303980750251294
    }
  },
  "user_slices": {
    "cold_users": {
      "recall@10": 0.0,
      "ndcg@10": 0.0,
      "recall@50": 0.02812687013764213,
      "ndcg@50": 0.005787804441518076,
      "map@10": 0.0
    },
    "active_users": {
      "recall@10": 0.028764066922587223,
      "ndcg@10": 0.015649560464250412,
      "recall@50": 0.10482993718365421,
      "ndcg@50": 0.03521020723333167,
      "map@10": 0.009046718820094739
    }
  },
  "beyond_accuracy": {
    "coverage@50": 0.11527429186088203,
    "novelty@10": 12.065644144040853
  },
  "runtime_sec": 94.6
}