{
  "config": {
    "run_name": "ials_combined",
    "model": "ials",
    "subsample": "ur0.01_ir0.01",
    "target": "combined",
    "seed": 42,
    "ks": [
      10,
      50
    ],
    "confidence_weighting": true,
    "alpha": 20.0,
    "params": {
      "factors": 128,
      "regularization": 0.01,
      "iterations": 20,
      "seed": 42
    }
  },
  "eval_split": "test",
  "seed": 42,
  "overall": {
    "recall@10": 0.022016296238355815,
    "ndcg@10": 0.011858250179824397,
    "recall@50": 0.08417599693107164,
    "ndcg@50": 0.02759705661556479,
    "map@10": 0.0069874029944294305
  },
  "item_slices": {
    "cold_items": {
      "recall@10": 0.0,
      "ndcg@10": 0.0,
      "recall@50": 0.0,
      "ndcg@50": 0.0,
      "map@10": 0.0
    },
    "warm_items": {
      "recall@10": 0.013755644067246078,
      "ndcg@10": 0.006256942855881769,
      "recall@50": 0.0880305436247479,
      "ndcg@50": 0.023750372751607796,
      "map@10": 0.0033757121858827613
    },
    "popular_items": {
      "recall@10": 0.09018873361187148,
      "ndcg@10": 0.04558426837423792,
      "recall@50": 0.2684051289439562,
      "ndcg@50": 0.08566328665723023,
      "map@10": 0.03035708187451452
    }
  },
  "user_slices": {
    "cold_users": {
      "recall@10": 0.0,
      "ndcg@10": 0.0,
      "recall@50": 0.014906303236797274,
      "ndcg@50": 0.0033149134352027762,
      "map@10": 0.0
    },
    "active_users": {
      "recall@10": 0.02249710154703228,
      "ndcg@10": 0.012117217881582532,
      "recall@50": 0.08568875076114492,
      "ndcg@50": 0.02812734487208,
      "map@10": 0.00713999816380813
    }
  },
  "beyond_accuracy": {
    "coverage@50": 0.09676528599605523,
    "novelty@10": 11.157673547604068
  },
  "runtime_sec": 81.0
}