{
  "config": {
    "run_name": "ials_fallback_d16",
    "model": "ials_content_fallback",
    "subsample": "ur0.01_ir0.01",
    "target": "combined",
    "seed": 42,
    "ks": [
      10,
      50
    ],
    "confidence_weighting": true,
    "alpha": 20.0,
    "params": {
      "factors": 128,
      "regularization": 0.01,
      "iterations": 20,
      "dim": 16,
      "cold_share": 0.1,
      "seed": 42
    }
  },
  "eval_split": "val",
  "seed": 42,
  "overall": {
    "recall@10": 0.029184421513464988,
    "ndcg@10": 0.015965312941689017,
    "recall@50": 0.10790536838915542,
    "ndcg@50": 0.03617523148695914,
    "map@10": 0.009202014268692047
  },
  "item_slices": {
    "cold_items": {
      "recall@10": 0.0039003362307519856,
      "ndcg@10": 0.0022132389147336263,
      "recall@50": 0.016505943201785653,
      "ndcg@50": 0.005180663705984268,
      "map@10": 0.001300622143072909
    },
    "warm_items": {
      "recall@10": 0.016142355842107187,
      "ndcg@10": 0.007352993161557712,
      "recall@50": 0.09495116213234195,
      "ndcg@50": 0.026080405017823605,
      "map@10": 0.0037795270662000654
    },
    "popular_items": {
      "recall@10": 0.09995690150557407,
      "ndcg@10": 0.05015816064805745,
      "recall@50": 0.2944642378270697,
      "ndcg@50": 0.09429973834348704,
      "map@10": 0.03303980750251294
    }
  },
  "user_slices": {
    "cold_users": {
      "recall@10": 0.0,
      "ndcg@10": 0.0,
      "recall@50": 0.02812687013764213,
      "ndcg@50": 0.005787804441518076,
      "map@10": 0.0
    },
    "active_users": {
      "recall@10": 0.02975318127634942,
      "ndcg@10": 0.016276452485739987,
      "recall@50": 0.10946012936764087,
      "ndcg@50": 0.03676743598870193,
      "map@10": 0.009381347460241031
    }
  },
  "beyond_accuracy": {
    "coverage@50": 0.11362239409926753,
    "novelty@10": 12.065644144040853
  },
  "runtime_sec": 89.7
}