{
  "config": {
    "run_name": "ials_fallback_d32",
    "model": "ials_content_fallback",
    "subsample": "ur0.01_ir0.01",
    "target": "combined",
    "seed": 42,
    "ks": [
      10,
      50
    ],
    "confidence_weighting": true,
    "alpha": 20.0,
    "params": {
      "factors": 128,
      "regularization": 0.01,
      "iterations": 20,
      "dim": 32,
      "cold_share": 0.1,
      "seed": 42
    }
  },
  "eval_split": "val",
  "seed": 42,
  "overall": {
    "recall@10": 0.029889915541252924,
    "ndcg@10": 0.016411334092029488,
    "recall@50": 0.10998268567685093,
    "ndcg@50": 0.03695485156927127,
    "map@10": 0.00944231848061408
  },
  "item_slices": {
    "cold_items": {
      "recall@10": 0.006478429180836183,
      "ndcg@10": 0.0035806237679164997,
      "recall@50": 0.02265596062094968,
      "ndcg@50": 0.007364810332867608,
      "map@10": 0.0021594763936120614
    },
    "warm_items": {
      "recall@10": 0.016142355842107187,
      "ndcg@10": 0.007352993161557712,
      "recall@50": 0.09495116213234195,
      "ndcg@50": 0.026080405017823605,
      "map@10": 0.0037795270662000654
    },
    "popular_items": {
      "recall@10": 0.09995690150557407,
      "ndcg@10": 0.05015816064805745,
      "recall@50": 0.2944642378270697,
      "ndcg@50": 0.09429973834348704,
      "map@10": 0.03303980750251294
    }
  },
  "user_slices": {
    "cold_users": {
      "recall@10": 0.0,
      "ndcg@10": 0.0,
      "recall@50": 0.02812687013764213,
      "ndcg@50": 0.005787804441518076,
      "map@10": 0.0
    },
    "active_users": {
      "recall@10": 0.030472424304294032,
      "ndcg@10": 0.016731165906495753,
      "recall@50": 0.11157793039380762,
      "ndcg@50": 0.03756224967466151,
      "map@10": 0.009626334833915295
    }
  },
  "beyond_accuracy": {
    "coverage@50": 0.11384008605234851,
    "novelty@10": 12.065644144040853
  },
  "runtime_sec": 89.7
}