{
  "config": {
    "run_name": "ials_watch",
    "model": "ials",
    "subsample": "ur0.01_ir0.01",
    "target": "watch",
    "seed": 42,
    "ks": [
      10,
      50
    ],
    "confidence_weighting": true,
    "alpha": 20.0,
    "params": {
      "factors": 128,
      "regularization": 0.01,
      "iterations": 20,
      "seed": 42
    }
  },
  "eval_split": "val",
  "seed": 42,
  "overall": {
    "recall@10": 0.03110499545719151,
    "ndcg@10": 0.01721943666687006,
    "recall@50": 0.11136598639868645,
    "ndcg@50": 0.03833538731083522,
    "map@10": 0.009604976416765963
  },
  "item_slices": {
    "cold_items": {
      "recall@10": 0.0,
      "ndcg@10": 0.0,
      "recall@50": 0.0,
      "ndcg@50": 0.0,
      "map@10": 0.0
    },
    "warm_items": {
      "recall@10": 0.016214617093064293,
      "ndcg@10": 0.007494198737661183,
      "recall@50": 0.09790223467235026,
      "ndcg@50": 0.027451344204092756,
      "map@10": 0.003723273798750414
    },
    "popular_items": {
      "recall@10": 0.11369335993160444,
      "ndcg@10": 0.05769568719769237,
      "recall@50": 0.32092668738436764,
      "ndcg@50": 0.10521859527513731,
      "map@10": 0.038042339979382826
    }
  },
  "user_slices": {
    "cold_users": {
      "recall@10": 0.0,
      "ndcg@10": 0.0,
      "recall@50": 0.033890954151177204,
      "ndcg@50": 0.0071064108575247765,
      "map@10": 0.0
    },
    "active_users": {
      "recall@10": 0.031634970360788196,
      "ndcg@10": 0.017512825852541963,
      "recall@50": 0.11268602590176349,
      "ndcg@50": 0.03886747463449499,
      "map@10": 0.00976862847251147
    }
  },
  "beyond_accuracy": {
    "coverage@50": 0.09098836153128823,
    "novelty@10": 11.21047805259818
  },
  "runtime_sec": 91.9
}