{
  "config": {
    "run_name": "ials_fallback_d64",
    "model": "ials_content_fallback",
    "subsample": "ur0.01_ir0.01",
    "target": "combined",
    "seed": 44,
    "ks": [
      10,
      50
    ],
    "confidence_weighting": true,
    "alpha": 20.0,
    "params": {
      "factors": 128,
      "regularization": 0.01,
      "iterations": 20,
      "dim": 64,
      "cold_share": 0.1,
      "seed": 44
    }
  },
  "eval_split": "test",
  "seed": 44,
  "overall": {
    "recall@10": 0.021598735626667486,
    "ndcg@10": 0.011751640464392294,
    "recall@50": 0.08568768784680114,
    "ndcg@50": 0.027902109505179965,
    "map@10": 0.006999259014241607
  },
  "item_slices": {
    "cold_items": {
      "recall@10": 0.004134642429133954,
      "ndcg@10": 0.002287025596583428,
      "recall@50": 0.017849346980702913,
      "ndcg@50": 0.0054180125759897965,
      "map@10": 0.0013782141430446512
    },
    "warm_items": {
      "recall@10": 0.011810000145129456,
      "ndcg@10": 0.005426660838350811,
      "recall@50": 0.07938827765066989,
      "ndcg@50": 0.02140424794908885,
      "map@10": 0.002991356900226034
    },
    "popular_items": {
      "recall@10": 0.08347500360178649,
      "ndcg@10": 0.04180698395129388,
      "recall@50": 0.2545646640733804,
      "ndcg@50": 0.08010219720459426,
      "map@10": 0.028028149581239913
    }
  },
  "user_slices": {
    "cold_users": {
      "recall@10": 0.0,
      "ndcg@10": 0.0,
      "recall@50": 0.014906303236797274,
      "ndcg@50": 0.0033149134352027762,
      "map@10": 0.0
    },
    "active_users": {
      "recall@10": 0.02207042199196581,
      "ndcg@10": 0.01200827995814572,
      "recall@50": 0.08723345490532537,
      "ndcg@50": 0.0284390596928014,
      "map@10": 0.007152113102613936
    }
  },
  "beyond_accuracy": {
    "coverage@50": 0.10935205461806002,
    "novelty@10": 12.044243804547568
  },
  "runtime_sec": 92.6
}