{
  "config": {
    "run_name": "ials_fallback_d64",
    "model": "ials_content_fallback",
    "subsample": "ur0.01_ir0.01",
    "target": "combined",
    "seed": 43,
    "ks": [
      10,
      50
    ],
    "confidence_weighting": true,
    "alpha": 20.0,
    "params": {
      "factors": 128,
      "regularization": 0.01,
      "iterations": 20,
      "dim": 64,
      "cold_share": 0.1,
      "seed": 43
    }
  },
  "eval_split": "test",
  "seed": 43,
  "overall": {
    "recall@10": 0.021252229205832807,
    "ndcg@10": 0.011573879953737314,
    "recall@50": 0.08455078199010269,
    "ndcg@50": 0.027506510375469112,
    "map@10": 0.0067918377260934555
  },
  "item_slices": {
    "cold_items": {
      "recall@10": 0.004134642429133954,
      "ndcg@10": 0.002287025596583428,
      "recall@50": 0.017849346980702913,
      "ndcg@50": 0.0054180125759897965,
      "map@10": 0.0013782141430446512
    },
    "warm_items": {
      "recall@10": 0.012222055496121589,
      "ndcg@10": 0.005528449600232181,
      "recall@50": 0.07746739123329091,
      "ndcg@50": 0.020926677548596978,
      "map@10": 0.0029651835840099126
    },
    "popular_items": {
      "recall@10": 0.08234164145416126,
      "ndcg@10": 0.04142649070029349,
      "recall@50": 0.25715554915237954,
      "ndcg@50": 0.08037000223105845,
      "map@10": 0.027781212814889517
    }
  },
  "user_slices": {
    "cold_users": {
      "recall@10": 0.0,
      "ndcg@10": 0.0,
      "recall@50": 0.014906303236797274,
      "ndcg@50": 0.0033149134352027762,
      "map@10": 0.0
    },
    "active_users": {
      "recall@10": 0.0217163483525207,
      "ndcg@10": 0.011826637405013175,
      "recall@50": 0.08607172060493919,
      "ndcg@50": 0.028034821227953817,
      "map@10": 0.006940162021834251
    }
  },
  "beyond_accuracy": {
    "coverage@50": 0.10937781785392245,
    "novelty@10": 12.04129938313667
  },
  "runtime_sec": 92.2
}