{
  "config": {
    "run_name": "popularity_combined",
    "model": "popularity",
    "subsample": "ur0.01_ir0.01",
    "target": "combined",
    "seed": 42,
    "ks": [
      10,
      50
    ]
  },
  "eval_split": "val",
  "seed": 42,
  "overall": {
    "recall@10": 0.0001593402822038967,
    "ndcg@10": 0.00012194452930356964,
    "recall@50": 0.012727096806306086,
    "ndcg@50": 0.0030329900108316465,
    "map@10": 8.825000245138896e-05
  },
  "item_slices": {
    "cold_items": {
      "recall@10": 0.0,
      "ndcg@10": 0.0,
      "recall@50": 0.0,
      "ndcg@50": 0.0,
      "map@10": 0.0
    },
    "warm_items": {
      "recall@10": 0.0,
      "ndcg@10": 0.0,
      "recall@50": 0.0,
      "ndcg@50": 0.0,
      "map@10": 0.0
    },
    "popular_items": {
      "recall@10": 0.0008619698885185611,
      "ndcg@10": 0.0005944640074317074,
      "recall@50": 0.06661111749607325,
      "ndcg@50": 0.014275959816326195,
      "map@10": 0.0004884496034938513
    }
  },
  "user_slices": {
    "cold_users": {
      "recall@10": 0.0,
      "ndcg@10": 0.0,
      "recall@50": 0.02812687013764213,
      "ndcg@50": 0.005787804441518076,
      "map@10": 0.0
    },
    "active_users": {
      "recall@10": 0.00016244558073045528,
      "ndcg@10": 0.00012432104177066626,
      "recall@50": 0.012426978764755608,
      "ndcg@50": 0.0029793028886913315,
      "map@10": 8.996986009686755e-05
    }
  },
  "beyond_accuracy": {
    "coverage@50": 0.0009730440499671268,
    "novelty@10": 8.705557205252513
  },
  "runtime_sec": 5.2
}