{
  "config": {
    "run_name": "popularity_combined",
    "model": "popularity",
    "subsample": "ur0.01_ir0.01",
    "target": "combined",
    "seed": 42,
    "ks": [
      10,
      50
    ]
  },
  "eval_split": "test",
  "seed": 42,
  "overall": {
    "recall@10": 1.8204325347702613e-05,
    "ndcg@10": 7.441287322088623e-06,
    "recall@50": 0.011507950046506808,
    "ndcg@50": 0.002665830755777792,
    "map@10": 2.600617906814659e-06
  },
  "item_slices": {
    "cold_items": {
      "recall@10": 0.0,
      "ndcg@10": 0.0,
      "recall@50": 0.0,
      "ndcg@50": 0.0,
      "map@10": 0.0
    },
    "warm_items": {
      "recall@10": 0.0,
      "ndcg@10": 0.0,
      "recall@50": 0.0,
      "ndcg@50": 0.0,
      "map@10": 0.0
    },
    "popular_items": {
      "recall@10": 7.203572972194209e-05,
      "ndcg@10": 2.9445670305213387e-05,
      "recall@50": 0.06950967679969265,
      "ndcg@50": 0.014556668179203175,
      "map@10": 1.029081853170601e-05
    }
  },
  "user_slices": {
    "cold_users": {
      "recall@10": 0.0,
      "ndcg@10": 0.0,
      "recall@50": 0.014906303236797274,
      "ndcg@50": 0.0033149134352027762,
      "map@10": 0.0
    },
    "active_users": {
      "recall@10": 1.8601882510510064e-05,
      "ndcg@10": 7.6037946943147485e-06,
      "recall@50": 0.011433734736312958,
      "ndcg@50": 0.002651655692240366,
      "map@10": 2.657411787215723e-06
    }
  },
  "beyond_accuracy": {
    "coverage@50": 0.0009730440499671268,
    "novelty@10": 8.70582109317244
  },
  "runtime_sec": 4.4
}