{
  "config": {
    "model": "two_tower",
    "subsample": "ur0.01_ir0.01",
    "target": "combined",
    "seed": 42,
    "ks": [
      10,
      50
    ],
    "run_name": "tt_emb_d16",
    "params": {
      "tower_dim": 64,
      "id_dim": 64,
      "hidden": 128,
      "epochs": 8,
      "batch_size": 8192,
      "lr": 0.005,
      "temperature": 0.07,
      "n_hard_negatives": 16,
      "use_emb": true,
      "emb_dim": 16,
      "use_meta": false,
      "seed": 42
    }
  },
  "eval_split": "val",
  "seed": 42,
  "overall": {
    "recall@10": 0.006491934518909602,
    "ndcg@10": 0.0033776972244766593,
    "recall@50": 0.02652973497416069,
    "ndcg@50": 0.008398336165168094,
    "map@10": 0.0018282960576079693
  },
  "item_slices": {
    "cold_items": {
      "recall@10": 0.0021539243639900098,
      "ndcg@10": 0.0011617734865024176,
      "recall@50": 0.008586063385148328,
      "ndcg@50": 0.002619924365206233,
      "map@10": 0.0007143326390226462
    },
    "warm_items": {
      "recall@10": 0.01019001067420509,
      "ndcg@10": 0.004939614721136974,
      "recall@50": 0.041491914370197565,
      "ndcg@50": 0.012367194936146499,
      "map@10": 0.0027661107746468454
    },
    "popular_items": {
      "recall@10": 0.0009290119909588935,
      "ndcg@10": 0.00041240979370589737,
      "recall@50": 0.009232655250354367,
      "ndcg@50": 0.0021808811175017336,
      "map@10": 0.00023745218119427985
    }
  },
  "user_slices": {
    "cold_users": {
      "recall@10": 0.0,
      "ndcg@10": 0.0,
      "recall@50": 0.02812687013764213,
      "ndcg@50": 0.005787804441518076,
      "map@10": 0.0
    },
    "active_users": {
      "recall@10": 0.006618452398865959,
      "ndcg@10": 0.003443523380105696,
      "recall@50": 0.026498609251265785,
      "ndcg@50": 0.008449211437904284,
      "map@10": 0.0018639267529680908
    }
  },
  "beyond_accuracy": {
    "coverage@50": 0.9933539927265277,
    "novelty@10": 18.599216801967266
  },
  "runtime_sec": 502.5
}