{
  "config": {
    "model": "two_tower",
    "subsample": "ur0.01_ir0.01",
    "target": "combined",
    "seed": 42,
    "ks": [
      10,
      50
    ],
    "run_name": "tt_emb_d64",
    "params": {
      "tower_dim": 64,
      "id_dim": 64,
      "hidden": 128,
      "epochs": 8,
      "batch_size": 8192,
      "lr": 0.005,
      "temperature": 0.07,
      "n_hard_negatives": 16,
      "use_emb": true,
      "emb_dim": 64,
      "use_meta": false,
      "seed": 42
    }
  },
  "eval_split": "val",
  "seed": 42,
  "overall": {
    "recall@10": 0.00603976710604704,
    "ndcg@10": 0.0032404529457210457,
    "recall@50": 0.027025209056935364,
    "ndcg@50": 0.008469176235133609,
    "map@10": 0.0017993891774264485
  },
  "item_slices": {
    "cold_items": {
      "recall@10": 0.0020103832467070976,
      "ndcg@10": 0.0009760278023054386,
      "recall@50": 0.011227958766251983,
      "ndcg@50": 0.0030766406295581576,
      "map@10": 0.0005598998213877863
    },
    "warm_items": {
      "recall@10": 0.009686994543482392,
      "ndcg@10": 0.004915697027605796,
      "recall@50": 0.04024734942306256,
      "ndcg@50": 0.012151029291628097,
      "map@10": 0.0029014762125348435
    },
    "popular_items": {
      "recall@10": 0.0011014059686626056,
      "ndcg@10": 0.00048361355253779,
      "recall@50": 0.01014634333218404,
      "ndcg@50": 0.002401740987813208,
      "map@10": 0.0002779054770205213
    }
  },
  "user_slices": {
    "cold_users": {
      "recall@10": 0.0,
      "ndcg@10": 0.0,
      "recall@50": 0.02812687013764213,
      "ndcg@50": 0.005787804441518076,
      "map@10": 0.0
    },
    "active_users": {
      "recall@10": 0.006157472934326953,
      "ndcg@10": 0.0033036044201539437,
      "recall@50": 0.027003739366513277,
      "ndcg@50": 0.008521432072544612,
      "map@10": 0.0018344565218799851
    }
  },
  "beyond_accuracy": {
    "coverage@50": 0.9924576140961943,
    "novelty@10": 18.588500178657192
  },
  "runtime_sec": 408.8
}