{
  "config": {
    "model": "two_tower",
    "subsample": "ur0.01_ir0.01",
    "target": "combined",
    "seed": 42,
    "ks": [
      10,
      50
    ],
    "run_name": "tt_emb_d8",
    "params": {
      "tower_dim": 64,
      "id_dim": 64,
      "hidden": 128,
      "epochs": 8,
      "batch_size": 8192,
      "lr": 0.005,
      "temperature": 0.07,
      "n_hard_negatives": 16,
      "use_emb": true,
      "emb_dim": 8,
      "use_meta": false,
      "seed": 42
    }
  },
  "eval_split": "val",
  "seed": 42,
  "overall": {
    "recall@10": 0.005346022227328426,
    "ndcg@10": 0.002804055717652486,
    "recall@50": 0.023550244245980154,
    "ndcg@50": 0.007375707728471648,
    "map@10": 0.001596417614325215
  },
  "item_slices": {
    "cold_items": {
      "recall@10": 0.0012869394160422605,
      "ndcg@10": 0.0007456037969024694,
      "recall@50": 0.006259786894360198,
      "ndcg@50": 0.00187864918654719,
      "map@10": 0.0005107889179734548
    },
    "warm_items": {
      "recall@10": 0.008547820537666347,
      "ndcg@10": 0.004190094487800313,
      "recall@50": 0.03812840241628971,
      "ndcg@50": 0.01118023400702554,
      "map@10": 0.002427769079967085
    },
    "popular_items": {
      "recall@10": 0.000727885683637896,
      "ndcg@10": 0.0003812114160346538,
      "recall@50": 0.007824771099107381,
      "ndcg@50": 0.0018838663823496145,
      "map@10": 0.00025307253499415316
    }
  },
  "user_slices": {
    "cold_users": {
      "recall@10": 0.0,
      "ndcg@10": 0.0,
      "recall@50": 0.02812687013764213,
      "ndcg@50": 0.005787804441518076,
      "map@10": 0.0
    },
    "active_users": {
      "recall@10": 0.005450208028406832,
      "ndcg@10": 0.0028587024772036714,
      "recall@50": 0.023461052803355486,
      "ndcg@50": 0.007406653536205219,
      "map@10": 0.0016275293532839335
    }
  },
  "beyond_accuracy": {
    "coverage@50": 0.9920094247810275,
    "novelty@10": 18.733897777842447
  },
  "runtime_sec": 399.6
}