{
  "config": {
    "model": "two_tower",
    "subsample": "ur0.01_ir0.01",
    "target": "combined",
    "seed": 42,
    "ks": [
      10,
      50
    ],
    "run_name": "tt_emb_d4",
    "params": {
      "tower_dim": 64,
      "id_dim": 64,
      "hidden": 128,
      "epochs": 8,
      "batch_size": 8192,
      "lr": 0.005,
      "temperature": 0.07,
      "n_hard_negatives": 16,
      "use_emb": true,
      "emb_dim": 4,
      "use_meta": false,
      "seed": 42
    }
  },
  "eval_split": "val",
  "seed": 42,
  "overall": {
    "recall@10": 0.004591447183165901,
    "ndcg@10": 0.0024270392004552967,
    "recall@50": 0.021784631458955064,
    "ndcg@50": 0.006758928870874024,
    "map@10": 0.001357845717266119
  },
  "item_slices": {
    "cold_items": {
      "recall@10": 0.0006455312253999344,
      "ndcg@10": 0.00036006314190658136,
      "recall@50": 0.003978169897207096,
      "ndcg@50": 0.0011400073886962449,
      "map@10": 0.00019346257721531245
    },
    "warm_items": {
      "recall@10": 0.007637857507243755,
      "ndcg@10": 0.0037843251494332733,
      "recall@50": 0.03536448145002686,
      "ndcg@50": 0.010402085544804854,
      "map@10": 0.0021863168778573283
    },
    "popular_items": {
      "recall@10": 0.0008715473317243229,
      "ndcg@10": 0.000351763741158053,
      "recall@50": 0.009232655250354365,
      "ndcg@50": 0.002145178023925023,
      "map@10": 0.00016869982103863266
    }
  },
  "user_slices": {
    "cold_users": {
      "recall@10": 0.0,
      "ndcg@10": 0.0,
      "recall@50": 0.02812687013764213,
      "ndcg@50": 0.005787804441518076,
      "map@10": 0.0
    },
    "active_users": {
      "recall@10": 0.004680927470105595,
      "ndcg@10": 0.002474338484408049,
      "recall@50": 0.02166103092209391,
      "ndcg@50": 0.006777854601504556,
      "map@10": 0.0013843080546412014
    }
  },
  "beyond_accuracy": {
    "coverage@50": 0.9868360395431031,
    "novelty@10": 18.74807715162622
  },
  "runtime_sec": 436.8
}