{
  "config": {
    "model": "two_tower",
    "subsample": "ur0.01_ir0.01",
    "target": "combined",
    "seed": 42,
    "ks": [
      10,
      50
    ],
    "run_name": "tt_emb_d32",
    "params": {
      "tower_dim": 64,
      "id_dim": 64,
      "hidden": 128,
      "epochs": 8,
      "batch_size": 8192,
      "lr": 0.005,
      "temperature": 0.07,
      "n_hard_negatives": 16,
      "use_emb": true,
      "emb_dim": 32,
      "use_meta": false,
      "seed": 42
    }
  },
  "eval_split": "val",
  "seed": 42,
  "overall": {
    "recall@10": 0.0064670417783191485,
    "ndcg@10": 0.003476955434555142,
    "recall@50": 0.027192227979021183,
    "ndcg@50": 0.008732725673459662,
    "map@10": 0.001952968014640058
  },
  "item_slices": {
    "cold_items": {
      "recall@10": 0.002458341119570481,
      "ndcg@10": 0.0012410702964833877,
      "recall@50": 0.010531668230096715,
      "ndcg@50": 0.0031138649685483314,
      "map@10": 0.0007234974348395209
    },
    "warm_items": {
      "recall@10": 0.009653439013827423,
      "ndcg@10": 0.004960186764813103,
      "recall@50": 0.04073306063120828,
      "ndcg@50": 0.012433209691786965,
      "map@10": 0.002911066391479983
    },
    "popular_items": {
      "recall@10": 0.0008140826724897521,
      "ndcg@10": 0.00037428836728975,
      "recall@50": 0.010037160479638357,
      "ndcg@50": 0.0023519361983148895,
      "map@10": 0.00019953006678670397
    }
  },
  "user_slices": {
    "cold_users": {
      "recall@10": 0.0,
      "ndcg@10": 0.0,
      "recall@50": 0.02812687013764213,
      "ndcg@50": 0.005787804441518076,
      "map@10": 0.0
    },
    "active_users": {
      "recall@10": 0.0065930745368133845,
      "ndcg@10": 0.0035447159809687463,
      "recall@50": 0.027174013232079096,
      "ndcg@50": 0.008790117686551979,
      "map@10": 0.001991028375864456
    }
  },
  "beyond_accuracy": {
    "coverage@50": 0.9923167545971419,
    "novelty@10": 18.51071715773956
  },
  "runtime_sec": 425.1
}