{
  "config": {
    "model": "two_tower",
    "subsample": "ur0.01_ir0.01",
    "target": "combined",
    "seed": 42,
    "ks": [
      10,
      50
    ],
    "run_name": "tt_full",
    "params": {
      "tower_dim": 64,
      "id_dim": 64,
      "hidden": 128,
      "epochs": 8,
      "batch_size": 8192,
      "lr": 0.005,
      "temperature": 0.07,
      "n_hard_negatives": 16,
      "use_emb": true,
      "emb_dim": 64,
      "use_meta": true,
      "seed": 42
    }
  },
  "eval_split": "val",
  "seed": 42,
  "overall": {
    "recall@10": 0.0066918257172392664,
    "ndcg@10": 0.0034846951506743856,
    "recall@50": 0.02908792447695558,
    "ndcg@50": 0.009031527594944718,
    "map@10": 0.001872863859879057
  },
  "item_slices": {
    "cold_items": {
      "recall@10": 0.0024883577399988773,
      "ndcg@10": 0.0014505947931305596,
      "recall@50": 0.01045027992511581,
      "ndcg@50": 0.0032818556616603,
      "map@10": 0.0009498696018572021
    },
    "warm_items": {
      "recall@10": 0.010500705638738686,
      "ndcg@10": 0.004996046729728561,
      "recall@50": 0.04345091917278716,
      "ndcg@50": 0.01277918308221208,
      "map@10": 0.0027474925534095632
    },
    "popular_items": {
      "recall@10": 0.0009864766501934642,
      "ndcg@10": 0.0004087412808347781,
      "recall@50": 0.012272535723863158,
      "ndcg@50": 0.0027839483831877854,
      "map@10": 0.00020719202135131338
    }
  },
  "user_slices": {
    "cold_users": {
      "recall@10": 0.0,
      "ndcg@10": 0.0,
      "recall@50": 0.02812687013764213,
      "ndcg@50": 0.005787804441518076,
      "map@10": 0.0
    },
    "active_users": {
      "recall@10": 0.006822239171089806,
      "ndcg@10": 0.0035526065323239304,
      "recall@50": 0.029106653956924702,
      "ndcg@50": 0.009094742800726833,
      "map@10": 0.0019093631135774104
    }
  },
  "beyond_accuracy": {
    "coverage@50": 0.9931619115914563,
    "novelty@10": 18.412160161091528
  },
  "runtime_sec": 418.8
}