{
  "config": {
    "model": "two_tower",
    "subsample": "ur0.01_ir0.01",
    "target": "combined",
    "seed": 42,
    "ks": [
      10,
      50
    ],
    "run_name": "tt_id_only",
    "params": {
      "tower_dim": 64,
      "id_dim": 64,
      "hidden": 128,
      "epochs": 8,
      "batch_size": 8192,
      "lr": 0.005,
      "temperature": 0.07,
      "n_hard_negatives": 16,
      "use_emb": false,
      "use_meta": false,
      "seed": 42
    }
  },
  "eval_split": "val",
  "seed": 42,
  "overall": {
    "recall@10": 0.005142623433020448,
    "ndcg@10": 0.0028647069053132426,
    "recall@50": 0.02480328028823424,
    "ndcg@50": 0.007771741753549339,
    "map@10": 0.001636524607466047
  },
  "item_slices": {
    "cold_items": {
      "recall@10": 0.0007680746192781203,
      "ndcg@10": 0.0004290550826516867,
      "recall@50": 0.00306242946982951,
      "ndcg@50": 0.0009544317254980332,
      "map@10": 0.00025686688706382356
    },
    "warm_items": {
      "recall@10": 0.009063865664477835,
      "ndcg@10": 0.004682582881133458,
      "recall@50": 0.0409485303408776,
      "ndcg@50": 0.012261270202612381,
      "map@10": 0.0027857467903163865
    },
    "popular_items": {
      "recall@10": 0.0004884496034938513,
      "ndcg@10": 0.0002797526472341885,
      "recall@50": 0.01101405968662606,
      "ndcg@50": 0.0025486647849479087,
      "map@10": 0.00019568768778629715
    }
  },
  "user_slices": {
    "cold_users": {
      "recall@10": 0.0,
      "ndcg@10": 0.0,
      "recall@50": 0.02812687013764213,
      "ndcg@50": 0.005787804441518076,
      "map@10": 0.0
    },
    "active_users": {
      "recall@10": 0.005242845302520899,
      "ndcg@10": 0.002920535663798232,
      "recall@50": 0.024738508602634705,
      "ndcg@50": 0.007810405659039049,
      "map@10": 0.0016684179704120105
    }
  },
  "beyond_accuracy": {
    "coverage@50": 0.9907429322813939,
    "novelty@10": 18.43449276586854
  },
  "runtime_sec": 460.2
}