{
  "config": {
    "model": "two_tower",
    "subsample": "ur0.01_ir0.01",
    "target": "combined",
    "seed": 42,
    "ks": [
      10,
      50
    ],
    "run_name": "tt_meta_only",
    "params": {
      "tower_dim": 64,
      "id_dim": 64,
      "hidden": 128,
      "epochs": 8,
      "batch_size": 8192,
      "lr": 0.005,
      "temperature": 0.07,
      "n_hard_negatives": 16,
      "use_emb": false,
      "use_meta": true,
      "seed": 42
    }
  },
  "eval_split": "val",
  "seed": 42,
  "overall": {
    "recall@10": 0.0054033905383517565,
    "ndcg@10": 0.0029178682206287125,
    "recall@50": 0.024992227134012876,
    "ndcg@50": 0.00780208440685593,
    "map@10": 0.0016043315150080085
  },
  "item_slices": {
    "cold_items": {
      "recall@10": 0.0007045288773953981,
      "ndcg@10": 0.00045216599262955714,
      "recall@50": 0.0026397121433922705,
      "ndcg@50": 0.0009285271086260794,
      "map@10": 0.0002812820031091366
    },
    "warm_items": {
      "recall@10": 0.009415770987621743,
      "ndcg@10": 0.004709286911562377,
      "recall@50": 0.04195452125290111,
      "ndcg@50": 0.012361522838103555,
      "map@10": 0.0027020255507812334
    },
    "popular_items": {
      "recall@10": 0.0008140826724897521,
      "ndcg@10": 0.0004499161089697002,
      "recall@50": 0.010922116231850744,
      "ndcg@50": 0.0026155990858534772,
      "map@10": 0.0003153031123954006
    }
  },
  "user_slices": {
    "cold_users": {
      "recall@10": 0.0,
      "ndcg@10": 0.0,
      "recall@50": 0.02812687013764213,
      "ndcg@50": 0.005787804441518076,
      "map@10": 0.0
    },
    "active_users": {
      "recall@10": 0.005508694360116633,
      "ndcg@10": 0.002974733011884799,
      "recall@50": 0.024931137733606258,
      "ndcg@50": 0.007841339644275655,
      "map@10": 0.0016355974837935462
    }
  },
  "beyond_accuracy": {
    "coverage@50": 0.9927284681130835,
    "novelty@10": 18.46526200559857
  },
  "runtime_sec": 384.7
}